Codigo;Nombre estacion;Inicio;Fin;Latitud;Longitud;X;Y;Elevacion;Departamento;% de faltantes;Tendencia;Beta;M24;PP media
26180160;Abejorral;3/06/1970;16/03/2025;5.785972222;-75.43041667;4730952.206;2197914.706;2170;Antioquia;2.97;No;-0.498;67.43;2255.789344
11110020;Abriaqui;1/01/1975;16/03/2025;6.6425;-76.075;4660087.269;2293040.368;1920;Antioquia;0.8;Sí;-0.537;61.87;2220.264509
23085030;Alejandria;1/09/1988;16/03/2025;6.37625;-75.14338889;4763000.65;2263056.338;1712;Antioquia;0.34;No;-0.494;108.92;4644.933611
23085270;Aeropuerto Jose Maria Cordova;1/02/1978;16/03/2025;6.1686111;-75.42611111;4731615.827;2240230.801;2073;Antioquia;11.5;No;-0.523;59.1;2003.00325
23095010;Aeropuerto Puerto Berrio;1/08/1975;26/09/2013;6.465;-74.41222222;4843894.687;2272587.349;150;Antioquia;3.56;Sí;-0.652;115.89;2586.403003
23175020;Aeropuerto OTU;1/05/1940;1/03/2025;7.01175;-74.71630556;4810485.204;2333133.755;643;Antioquia;7.72;Sí;-0.623;108.8;2796.245011
27015330;Aeropuerto Olaya Herrera;1/01/1941;16/03/2025;6.2246389;-75.5882;4713703.647;2246512.439;1492;Antioquia;4.75;Sí;-0.583;56.9;1651.349847
26210090;Anza;1/11/1970;16/03/2025;6.303138889;-75.85925;4683745.179;2255352.018;743;Antioquia;0.42;No;-0.524;72.6;1716.409979
26210140;Altamira;7/04/1975;15/03/2025;6.2188;-75.9449;4674211.2;2246073.315;1816;Antioquia;2.04;Sí;-0.534;74.72;2027.412814
27010850;Amalfi;14/10/1970;5/11/2022;6.905555556;-75.07722222;4770565.539;2321552.682;1530;Antioquia;2;No;-0.402;85.64;3066.187726
27015110;Aragon;5/05/1970;31/08/2016;6.780063889;-75.55571917;4717609.44;2307929.359;2652;Antioquia;3.97;No;-0.525;49.63;1909.829047
27020210;Angostura;30/10/1970;16/03/2025;6.883055556;-75.33247222;4742345.962;2319194.951;1650;Antioquia;0.37;No;-0.543;89.75;2904.873139
27025030;Anori;1/07/1975;15/08/2023;7.0719;-75.1505;4762552.211;2339982.707;1601;Antioquia;3.63;Sí;-0.553;80.66;2809.857573
27040020;Alto del Indio;15/05/1970;28/02/2025;7.531;-74.95275;4784615.438;2390647.357;125;Antioquia;8.17;No;-0.549;126.55;3960.527511
26190090;Betania - Las guacas;1/01/1957;16/03/2025;5.755;-75.97552778;4670541.704;2194775.254;1600;Antioquia;18.94;Sí;-0.568;79.63;2673.600589
26200140;Armenia;1/04/1975;30/12/2023;6.157972222;-75.77152778;4693371.108;2239240.369;1620;Antioquia;3.55;Sí;-0.587;77.18;2244.650828
26250110;Barro blanco;27/03/1984;1/03/2025;7.474111111;-75.26438889;4750193.579;2384522.036;190;Antioquia;1.11;No;-0.513;142.46;5336.28666
27010870;Belmira;8/11/1970;16/03/2025;6.609166667;-75.66833333;4705054.964;2289092.053;2540;Antioquia;1.79;No;-0.556;56.92;2075.117031
27011110;Astilleros;1/01/1991;28/02/2025;6.257305556;-75.67586111;4704018.462;2250174.309;2450;Antioquia;0.09;No;-0.595;72.74;2258.011765
11110110;Boqueron de Toyo;16/05/1983;11/04/2011;6.699444444;-75.9775;4670912.731;2299275.136;20;Antioquia;15.24;Sí;-0.526;78.71;2347.565364
23100050;La Bodega;1/01/1996;17/03/2025;6.715833333;-74.41;4844218.701;2300312.089;165;Antioquia;5.77;No;-0.626;113.18;2678.764089
26200130;Bolombolo;15/05/1980;17/03/2025;5.9681;-75.8374;4685967.551;2218272.811;530;Antioquia;0.58;No;-0.585;69.77;1886.858523
26210070;La Caicedo;27/10/1970;31/01/2025;6.4049;-75.9818;4670243.34;2266687.521;1778;Antioquia;4.12;No;-0.54;61.46;1751.381426
26230160;Briceño;1/11/1970;28/02/2025;7.105277778;-75.51166667;4722670.765;2343874.482;1440;Antioquia;1.39;No;-0.501;146.07;5946.142741
26250030;Caceres;10/05/1970;17/03/2025;7.579055556;-75.34783333;4741045.431;2396176.627;95;Antioquia;2.18;Sí;-0.514;128.38;3920.28758
26255040;Cacaoteras del Diq;1/07/1968;6/04/2008;7.983333333;-75.11666667;4766777.581;2440750.248;55;Antioquia;6.4;Sí;-0.623;115.99;2745.831025
11115020;Cañasgordas;11/07/1973;30/09/2024;6.758027778;-76.02966667;4665182.005;2305792.852;1294;Antioquia;6.31;No;-0.547;70.73;2400.197136
23070010;Claro de luna;1/05/1988;30/09/2024;5.861546;-74.761977;4805002.12;2205996.143;317;Antioquia;7.68;Sí;-0.58;110.49;2947.657193
23080650;Campoalegre;5/06/1973;17/03/2025;6.073777778;-75.33561111;4741587.176;2229698.542;2183;Antioquia;1.13;Sí;-0.527;74.35;2733.495213
23080720;Canteras;1/06/1979;28/02/2025;6.276166667;-74.67433333;4814846.079;2251800.528;161;Antioquia;17.1;No;-0.618;100.55;2519.184565
25021390;Caucasia;1/10/1959;30/04/2004;8;-75.2;4757601.154;2442641.435;70;Antioquia;6.38;Sí;-0.638;110.72;2585.097914
26170180;Caramanta;8/10/1970;28/02/2025;5.547833333;-75.64130556;4707471.084;2171677.841;2112;Antioquia;8.19;No;-0.52;78.68;2811.290519
27020200;Cedeño;31/10/1970;28/02/2025;7.070722222;-75.35558333;4739895.325;2339962.194;1584;Antioquia;1.58;No;-0.525;107.6;3580.891997
23080740;Concepcion;23/05/1975;17/03/2025;6.396944444;-75.25916667;4750202.532;2265399.488;1865;Antioquia;0.12;No;-0.502;74.78;3016.091837
23080750;Cocorna;1/06/1975;9/02/2025;6.053333333;-75.18261111;4758514.393;2227367.159;1280;Antioquia;1.22;No;-0.466;97.65;4584.84154
23085160;Corrientes;1/09/1975;28/02/2025;6.311944444;-75.25355556;4750782.331;2255997.174;1965;Antioquia;9.33;No;-0.552;77.43;2811.003405
26215010;Concordia;1/06/1970;1/03/2025;6.039555556;-75.91952778;4676912.493;2226226.169;2032;Antioquia;6.59;Sí;-0.559;74.63;2434.395142
26220050;La cumbre;1/11/1970;31/12/2003;7.033333333;-75.93333333;4676024.768;2336188.328;2440;Antioquia;3.73;No;-0.563;81.12;2737.165175
26225030;Hacienda Cotove;1/11/1975;27/02/2025;6.533916667;-75.82733333;4687419.198;2280864.13;534;Antioquia;10.01;No;-0.672;57.36;1037.57613
26230130;Cruces Arriba;13/03/1971;3/03/2025;6.890677778;-75.62022778;4710543.489;2320202.938;2805;Antioquia;3.3;No;-0.478;57.31;2101.753908
27010890;Cueva Santa;15/10/1970;31/07/2024;6.959;-75.03836111;4774885.02;2327443.502;1550;Antioquia;6.09;No;-0.558;101.9;3092.038294
23080810;EL Jordan;1/01/1983;30/11/2021;6.1579;-75.0388;4774476.378;2238866.939;820;Antioquia;10.17;No;-0.611;104.03;2956.73348
26170190;El Dique;1/05/1971;18/03/2025;5.803861111;-75.72361111;4698482.177;2200040.955;922;Antioquia;1.13;Sí;-0.55;88.28;2675.558535
26195030;El Jardin;1/07/1990;30/04/2015;5.587722222;-75.80055556;4689841.338;2176171.718;2161;Antioquia;1.27;No;-0.519;58.85;2622.898214
27010770;El Chuscal;24/08/1970;31/12/2024;6.178333333;-75.70508333;4700739.088;2241454.968;2227;Antioquia;0.98;No;-0.553;91.51;3078.343255
27030040;El Guamo;13/05/1970;28/02/2025;7.904416667;-74.814;4800100.05;2431866.176;40;Antioquia;9.88;No;-0.45;128.94;4599.513918
27030090;El Bosque;29/06/1970;28/02/2025;7.319305556;-74.83933333;4797032.253;2367188.171;220;Antioquia;1.91;Sí;-0.542;128.71;4645.571479
11070020;El Roble;16/03/1977;28/02/2025;6.332051667;-76.229145;4642811.682;2258790.97;1496;Antioquia;0.06;Sí;-0.623;72.71;2213.478723
23085110;El Peñol;1/06/1973;18/03/2025;6.2138889;-75.24138889;4752082.204;2245148.171;2022;Antioquia;6.68;No;-0.519;69.04;2533.253368
23100030;El Tigre;1/07/1970;1/03/2025;6.840472222;-74.78566667;4802752.773;2314226.828;969;Antioquia;1.05;Sí;-0.61;93.4;2525.862377
26200150;Fredonia;1/05/1975;11/01/2024;5.93675;-75.68511111;4702817.937;2214720.369;1763;Antioquia;2.3;Sí;-0.553;83.08;2816.001398
26220090;Giraldo;7/11/1970;16/03/2025;6.6802;-75.9527;4673643.337;2297129.261;1930;Antioquia;0.3;No;-0.462;61.21;1891.23448
27020260;El Tesoro;1/09/1975;1/03/2025;7.2483;-75.3022;4745891.473;2359571.018;1039;Antioquia;10.5;No;-0.42;102.1;4245.086976
11110030;Fuemia;12/03/1977;1/03/2025;6.85789;-76.25231944;4640625.39;2317004.246;1046;Antioquia;2.2;Sí;-0.643;73.56;1476.610488
23085080;Granja experimental en el NUS;2/05/1972;18/03/2025;6.483583333;-74.83669444;4796967.525;2274791.715;859;Antioquia;7.76;No;-0.604;75.54;2240.153445
26175030;Granja la nacional;1/07/1977;18/03/2025;5.717333333;-75.69091667;4702059.109;2190452.165;1153;Antioquia;2.39;No;-0.585;79;2428.391683
26210130;Guasabra;1/06/1975;31/12/2024;6.503333333;-75.95583333;4673180.718;2277561.978;2182;Antioquia;2.92;No;-0.593;67.58;1601.026241
26240100;Guarumo la lucha;11/05/1970;18/03/2025;7.862916667;-75.21491667;4755875.918;2427490.628;70;Antioquia;5.23;No;-0.649;128.69;2794.862764
27010900;Gomez Plata;20/10/1970;18/03/2025;6.678961;-75.219806;4754694.464;2296566.352;1850;Antioquia;0.62;Sí;-0.513;90.65;3339.685048
27015190;Guayabito;3/05/1970;31/10/2024;6.540388889;-75.14675;4762705.361;2281207.708;1440;Antioquia;1.79;No;-0.558;112.8;3888.441432
27020170;Hacienda el Carmen;18/10/1970;30/09/2024;7.147194444;-75.07977778;4770401.843;2348272.785;950;Antioquia;4.32;No;-0.513;121.87;4254.59986
11070030;La Clarita;1/01/1978;1/03/2025;6.539444444;-76.15861111;4650763.535;2281693.975;2300;Antioquia;1.37;No;-0.464;70.4;3336.697336
11075010;La Honda;1/08/1990;28/02/2011;6.356388889;-76.15805556;4650699.5;2261435.794;1850;Antioquia;5.15;No;-0.544;52.78;1741.23604
26175040;Hacienda Tunez;1/05/1975;18/03/2025;5.80025;-75.65097222;4706527.548;2199603.32;604;Antioquia;13.96;Sí;-0.593;67.68;1906.468339
26180220;La Pintada alertas;2/06/1980;18/03/2025;5.7414778;-75.6005638;4712082.076;2193076.681;620;Antioquia;3.76;No;-0.591;80.36;2025.937418
26195020;ITA Andes;15/07/1970;17/03/2025;5.691;-75.88022222;4681067.584;2187640.464;1180;Antioquia;4.03;No;-0.561;62.3;2145.259896
26205080;La Aldea;12/10/1990;18/03/2025;6.341055556;-75.70094444;4701289.895;2259452.937;1737;Antioquia;1.37;No;-0.592;82.74;2223.405784
26230240;La Abertura;1/01/1993;18/03/2025;6.900194444;-75.70483333;4701196.4;2321307.878;2550;Antioquia;12.46;No;-0.499;73.98;2665.179917
26240160;La Coquera;3/11/1980;18/03/2025;7.96;-75.2;4757577.562;2438217.991;49;Antioquia;2.42;No;-0.624;121.96;2672.023707
27030080;La Cruzada;1/01/1978;30/11/2016;7.068055556;-74.71505556;4810646.113;2339357.877;650;Antioquia;2.15;No;-0.593;106.67;2830.491235
11025010;La Mansa;17/07/1973;28/02/2025;5.878305556;-76.08433333;4658557.69;2208483.668;2018;Antioquia;0.85;No;-0.567;69.11;2477.064111
25020530;La Ilusion;17/05/1970;17/03/2025;8.0255;-75.08975;4769768.336;2445397.841;48;Antioquia;5.16;No;-0.601;122.44;2727.345801
25021480;La Esperanza Radio;10/03/1979;18/03/2025;8.03;-74.79;4802805.794;2445739.142;31;Antioquia;0.59;No;-0.552;144;4376.601944
26210080;La Herradura;1/12/1970;18/03/2025;6.099222222;-75.87397222;4681993.106;2232800.538;849;Antioquia;3.36;Sí;-0.61;79.22;2090.815465
26220100;La Granja;10/04/1975;19/01/2025;7.249638889;-75.73408333;4698190.139;2359983.825;1028;Antioquia;1.01;No;-0.597;66.78;1824.417318
27010820;La Cuchilla;26/08/1970;18/03/2025;6.368333333;-75.45361111;4728675.217;2262333.755;1600;Antioquia;0.38;Sí;-0.477;70.18;2112.769444
27011120;La Iguana;11/10/1990;17/03/2025;6.316277778;-75.65752778;4706080.935;2256687.279;2300;Antioquia;0.35;No;-0.585;80.17;2166.027647
27040030;La Esmeralda;10/05/1970;30/11/2024;7.751111111;-74.85305556;4795720.062;2414935.292;100;Antioquia;8.14;Sí;-0.534;137.47;4360.603272
23085260;La Selva;1/05/1958;31/01/2014;6.131916667;-75.41455556;4732876.551;2236166.766;2125;Antioquia;20.08;Sí;-0.543;54.11;1949.30436
26180170;La Union;25/06/1970;1/03/2025;5.998333333;-75.38138889;4736482.975;2221377.067;2530;Antioquia;2.92;Sí;-0.529;61.08;2073.304673
26230140;La Placita;5/11/1970;17/03/2025;6.720888889;-75.75805556;4695199.205;2301505.603;1539;Antioquia;1.35;No;-0.512;53.76;1984.934842
26230220;La Oculta;15/09/1983;1/03/2025;6.779388889;-75.63858333;4708446.837;2307903.758;2685;Antioquia;1.43;No;-0.57;63.58;2248.690893
27010800;La Meseta San Pedro;29/08/1970;19/03/2025;6.399722222;-75.60722222;4711695.019;2265889.063;2600;Antioquia;3.38;No;-0.566;52.33;1647.816555
27011100;Las Brisas;15/03/1983;30/11/2024;7.158805556;-74.82183333;4798892.868;2349435.76;600;Antioquia;9.61;No;-0.555;122.24;3805.937251
27015260;La Salada;9/08/1984;19/03/2025;6.048361111;-75.62466667;4709571.543;2227033.81;1923;Antioquia;2.11;No;-0.548;72.1;2568.794706
27030140;La Palma de Coco;15/10/1974;1/03/2025;7.236111111;-74.80794444;4800460.323;2357976.367;202;Antioquia;2.35;No;-0.567;128.34;3960.246261
23080640;Marinilla;1/06/1973;19/03/2025;6.164768889;-75.31728056;4743659.774;2239752.289;2088;Antioquia;0.64;No;-0.526;62.39;1951.661664
25020370;Moneda la hacienda;1/01/1971;28/02/2025;8.036666667;-74.94222222;4786033.851;2446552.62;40;Antioquia;14.58;No;-0.562;124.4;3212.979524
26180200;Montebello;8/10/1970;1/03/2025;5.9503;-75.5369;4719239.362;2216141.637;2129;Antioquia;1.44;No;-0.502;72.47;2518.632217
26185020;Mesopotamia;1/06/1970;19/03/2025;5.886361111;-75.31863889;4743378.572;2208964.611;2408;Antioquia;2.33;Sí;-0.51;87.65;3490.88903
26230180;Llanos de San Juan;15/12/1990;28/02/2025;6.427;-75.71775;4699480.106;2268969.978;885;Antioquia;6.1;No;-0.596;73.79;1731.427817
26235030;Matanzas;1/11/1970;30/11/2016;7.035833333;-75.66594444;4705580.278;2336287.908;569;Antioquia;3.26;Sí;-0.555;65.69;1906.070469
26240060;Manizales;18/05/1970;1/03/2025;7.75205;-74.86035278;4794915.801;2415042.616;91;Antioquia;0.54;No;-0.632;118.15;2718.116647
27010960;Monos hacienda;11/03/1978;1/03/2025;6.898611111;-74.90213889;4789908.14;2320704.087;1100;Antioquia;10.7;Sí;-0.492;97.54;3272.910305
27020220;Los llanos de Cuiba;31/10/1970;19/03/2025;6.813611111;-75.48386111;4725573.284;2311598.507;2750;Antioquia;5.06;Sí;-0.495;80.83;2818.30819
11110010;Normal Santa Teresa AUT;1/01/1969;19/03/2025;6.763333333;-76.13361111;4653687.526;2306452.828;1429;Antioquia;1.81;No;-0.518;78.54;2725.695553
11115040;Musinga AUT;1/06/1985;31/12/2024;6.777972222;-76.20333333;4645985.052;2308123.207;1396;Antioquia;1.13;No;-0.526;60.98;2250.239452
23090110;Murillo;24/08/1984;28/02/2025;6.603055556;-74.39527778;4845810.365;2287841.781;130;Antioquia;2.28;No;-0.551;110.96;3106.89436
25020540;Patio Bonito;10/05/1970;31/01/2025;8.031111111;-74.70611111;4812050.58;2445822.571;20;Antioquia;20.73;Sí;-0.487;137.16;5097.843774
26200120;Otramina;13/10/1970;30/09/2023;6.072944444;-75.79458333;4690769.451;2229847.24;1377;Antioquia;1.74;No;-0.58;84.36;2314.736197
26210110;Penalisa;1/04/1971;31/01/2025;5.934916667;-75.86116667;4683315.977;2214615.242;552;Antioquia;1.51;Sí;-0.484;97.46;3319.139734
26225040;Piunti hacienda;14/06/1970;30/04/2024;6.7295;-75.91297222;4678070.519;2302557.667;1650;Antioquia;10.91;No;-0.63;62.25;1467.689937
26230010;Olaya;5/11/1970;19/03/2025;6.628722222;-75.81088889;4689297.701;2291342.356;575;Antioquia;10.13;No;-0.673;66.45;1136.422369
23080940;Presa San Lorenzo;1/08/1992;31/12/2024;6.384583333;-74.99677778;4779222.025;2263912.615;1247;Antioquia;17.71;No;-0.573;107.64;3717.939226
23100070;Ramblas;1/09/1984;28/02/2025;6.642777778;-74.37083333;4848524.305;2292224.84;120;Antioquia;13.86;Sí;-0.592;111.95;2591.298564
26170150;Pueblorrico;6/09/1970;23/03/2025;5.791055556;-75.83880556;4685712.37;2198686.962;1819;Antioquia;0.39;No;-0.545;87.07;2934.056577
26240090;Puerto Belgica;1/01/1978;28/02/2025;7.668305556;-75.28444444;4748092.805;2406009.532;80;Antioquia;8.4;No;-0.634;122.33;3271.28276
26240150;Puerto Valdivia;1/11/1979;24/03/2025;7.29;-75.4;4735115.088;2364238.91;301;Antioquia;8.55;No;-0.528;110.54;4311.349472
26240170;Playalta;10/11/1982;24/03/2025;7.562555556;-75.44855556;4729919.538;2394413.076;175;Antioquia;6.34;No;-0.501;114.35;4572.902839
26250060;Puerto Raudal;17/03/1975;28/02/2025;7.369916667;-75.32761111;4743154.742;2373035.242;125;Antioquia;10.88;No;-0.525;136.54;5283.501282
27015150;Hacienda el progreso;1/05/1973;10/12/2017;6.447472222;-75.39716667;4734961.459;2271056.75;1345;Antioquia;9.43;No;-0.534;61.17;1954.205052
23050100;San Miguel;9/03/1979;24/03/2025;5.73081;-74.72604;4808936.482;2191531.352;168;Antioquia;5.83;No;-0.604;110.77;2669.059677
23070020;Rio Claro;1/01/1986;1/03/2025;5.855527778;-74.84836111;4795436.611;2205361.585;449;Antioquia;3.48;No;-0.615;134.24;3821.336879
23085140;San Francisco;1/07/1974;24/03/2025;5.963805556;-75.10069444;4767543.779;2217432.212;1325;Antioquia;3.82;No;-0.481;109.21;5181.232281
23085220;San Carlos;1/03/1983;31/01/2025;6.157666667;-75.03891667;4774463.368;2238841.189;1113;Antioquia;7.83;No;-0.507;105.42;4599.619086
23090100;San Juan Beduth;24/08/1984;28/02/2002;6.6;-74.45;4839760.886;2287521.308;150;Antioquia;5.6;No;-0.643;110.86;2464.711508
26230110;San Andres;1/01/1947;24/03/2025;6.909833333;-75.66986111;4705068.521;2322352.322;1839;Antioquia;12.97;No;-0.527;66.01;2100.607087
26230200;Sabanalarga;21/03/1975;24/03/2025;6.846;-75.81480556;4689003.087;2315382.638;910;Antioquia;1.48;No;-0.613;56.07;1418.677068
27010830;San Isidro;17/08/1970;24/03/2025;6.563222222;-75.51575;4721906.151;2283922.435;2320;Antioquia;1.38;Sí;-0.533;47.33;1800.178486
27011230;San Antonio;1/10/1999;1/03/2025;6.620833333;-75.15166667;4762199.939;2290105.322;1029;Antioquia;0.45;No;-0.568;59.42;2156.753333
23080390;Santo Domingo;1/01/1959;24/03/2025;6.468305556;-75.16380556;4760785.105;2273245.006;1944;Antioquia;12.88;Sí;-0.537;85.45;3099.824483
23080760;San Roque;28/05/1975;24/03/2025;6.4875;-75.017;4777030.132;2275300.517;1435;Antioquia;1.72;Sí;-0.542;121.66;4110.480759
23080920;Santuario;1/06/1992;1/03/2025;6.13388;-75.274;4748435.487;2236315.844;2138;Antioquia;0.9;No;-0.558;72.82;2590.076114
23100080;Santa Clara;1/09/1984;28/02/2002;6.65;-74.31666667;4854512.843;2293006.863;100;Antioquia;16.37;No;-0.604;110.14;3220.380238
26190100;Santa Barbara;1/11/1970;28/02/2025;5.563972222;-75.90008333;4678796.661;2173597.589;1594;Antioquia;2.27;No;-0.59;65.89;2386.670702
26220110;Santa Rita;10/09/1982;24/03/2025;7.32375;-75.61686111;4711186.555;2368105.344;2039;Antioquia;0.22;No;-0.532;75.73;2723.245238
26255020;Santa Isabel;16/09/1970;1/03/2025;7.157222222;-75.442275;4730367.76;2349578.563;1131;Antioquia;9.9;No;-0.522;119.11;4618.366828
27010810;Santa Elena;1/09/1970;24/03/2025;6.196888889;-75.51675;4721597.637;2243404.958;2707;Antioquia;6.64;No;-0.468;68.11;2743.664062
27010840;San Pablo;20/10/1970;1/03/2025;6.602;-75.24652778;4751701.421;2288069.102;1900;Antioquia;3.63;Sí;-0.518;94.93;3243.067872
11075020;Urrao;1/07/1973;24/03/2025;6.298305556;-76.14330556;4652293.652;2254998.176;1833;Antioquia;9.75;No;-0.564;50.02;1667.489056
23080820;Tafetanes;7/05/1983;30/11/2024;6.146722222;-75.11775;4765734.517;2237664.99;1940;Antioquia;13.98;No;-0.515;106.81;4665.816968
23105030;Vegachi;17/06/1975;31/07/2024;6.774111111;-74.79652778;4801525.381;2306894.774;990;Antioquia;12.57;Sí;-0.617;82.17;2132.131931
26180180;Sonson;1/07/1931;24/03/2025;5.71525;-75.2945;4745974.992;2190031.317;2383;Antioquia;23.46;No;-0.526;59.98;2304.469353
27015090;Tulio Ospina;1/09/1950;24/03/2025;6.319694444;-75.55325;4717623.432;2257007.411;1453;Antioquia;12.83;Sí;-0.633;62.38;1504.616747
23090020;Virginias;17/07/1976;28/02/2025;6.393555556;-74.68180556;4814061.581;2264780.059;626;Antioquia;2.93;Sí;-0.555;102.06;2938.992963
23100040;Yolombo;1/05/1975;1/03/2025;6.594277778;-75.01091667;4777750.108;2287103.941;1442;Antioquia;2.88;Sí;-0.555;95.04;2846.411746
23160010;Yondo;20/08/1974;25/03/2025;7.089444444;-73.94416667;4895772.923;2341478.605;85;Antioquia;2.86;Sí;-0.629;132.2;2947.884763
27020190;Yarumal;27/10/1970;25/03/2025;6.955972222;-75.41555556;4733204.007;2327305.013;2181;Antioquia;5.09;No;-0.528;78.37;2857.043761
27030210;Zaragoza;1/07/1970;3/05/2024;7.486222222;-74.87238889;4793461.098;2385657.823;50;Antioquia;1.9;No;-0.61;146.75;4207.60054
23040070;Cañaveral;11/08/1974;31/05/2025;5.323286111;-74.93885833;4785223.323;2146551.348;1060;Caldas;3.28;No;-0.527;142.72;4694.56
26145020;Bellavista;21/09/1963;5/08/2025;5.275944444;-75.80013889;4689727.827;2141680.66;1984;Caldas;22.48;Sí;-0.589;61.72;1906.53
26150060;Arauca;12/02/1962;5/08/2025;5.108527778;-75.70166667;4700568.21;2123113.343;917;Caldas;4.86;No;-0.623;79.34;2149.13
26155110;Aeropuerto La Nubia Aut;1/01/1968;5/08/2025;5.029777778;-75.46991667;4726236.902;2114300.528;2104;Caldas;5.2;No;-0.619;58.5;1571.66
26180190;Aguadas;1/04/1954;31/05/2025;5.600027778;-75.45119444;4728563.395;2177359.772;2180;Caldas;21.43;Sí;-0.573;82.16;2745.22
23050270;Belen;24/11/1964;31/07/1995;5.516666667;-75.03333333;4774825.326;2167966.066;1400;Caldas;26.9;No;-0.498;138.91;6661.62
23050280;Bolivia;19/11/1964;31/07/1995;5.333333333;-75.03333333;4774757.287;2147695.895;1840;Caldas;23.37;No;-0.511;97.23;3551.77
26155020;Cenicafe;1/01/1954;31/12/1998;4.983333333;-75.58333333;4713637.422;2109212.174;1310;Caldas;28.89;No;-0.635;84.28;2501.22
26155050;Agronomia;1/01/1957;31/12/1998;5.05;-75.48333333;4724757.413;2116542.694;2150;Caldas;23.41;Sí;-0.601;72.26;1864.47
23040030;Idema-Dorada;1/07/1964;31/05/2025;5.479194444;-74.67616667;4814379.277;2163700.609;176;Caldas;11.08;No;-0.658;112.97;2018.74
26150160;La Esperanza;4/10/1970;5/08/2025;5.017833333;-75.35655556;4738804.171;2112933.174;3341;Caldas;3.19;No;-0.504;43.45;1598.76
26155150;Las Brisas - Aut;12/10/1981;29/04/2024;4.934527778;-75.35038889;4739455.253;2103718.253;4133;Caldas;17.65;No;-0.541;42.28;1458.04
26160120;Cristalina La;22/09/1970;30/05/2025;5.192194444;-75.43577778;4730091.169;2132248.555;2411;Caldas;11.13;No;-0.555;72.45;2006.96
26160160;La Maria;1/01/1962;30/06/2025;5.5875;-75.5775;4714561.588;2176034.087;645;Caldas;0.66;No;-0.515;85.67;2493.26
26180260;La Miranda;1/01/2004;30/06/2025;5.427166667;-75.33358333;4741519.679;2158190.507;2915;Caldas;4.26;No;-0.599;61.55;1702.06
26185010;La Pelada;24/04/1994;30/04/2025;5.57875;-75.34477778;4740344.863;2174958.525;2180;Caldas;2.96;No;-0.562;58.87;2050.87
26130300;Esmeralda La;10/02/1963;31/12/1989;5.066666667;-75.71666667;4698885.01;2118489.771;1040;Caldas;22.98;No;-0.668;91.19;2389.27
26180240;Las Pavas;1/06/1994;30/06/2025;5.522194444;-75.39288889;4734988.842;2168725.401;2770;Caldas;5.09;No;-0.564;69.71;2333.97
23020080;Manzanares;1/01/1972;27/08/2024;5.265611111;-75.14408333;4762457.529;2140249.33;1974;Caldas;8.7;No;-0.547;91.48;3187.19
23050080;Marquetalia;18/02/1963;4/08/2025;5.298916667;-75.05747222;4772069.502;2143899.467;1550;Caldas;5.73;No;-0.562;101.88;3244.25
23020090;Marulanda;5/08/1974;31/05/2025;5.2781;-75.2672;4748815.628;2141678.599;2813;Caldas;2.63;No;-0.539;55.86;1940.61
23050310;Libano;1/01/1973;31/07/1995;5.433333333;-75.16666667;4760019.767;2158803.636;2270;Caldas;16.61;No;-0.488;100.48;4005.14
26155140;Luker Gja;1/01/1965;31/12/1998;5.083333333;-75.68333333;4702590.012;2120317.951;1020;Caldas;18.63;No;-0.644;73.85;2177
26170270;Margarita La;1/01/1964;23/11/1983;5.133333056;-75.71666667;4698916.116;2125864.258;980;Caldas;23.85;Sí;-0.613;81.53;2247.53
23050250;Norcasia Radio;7/03/1979;30/06/2025;5.574472222;-74.89169444;4790536.892;2174305.11;737;Caldas;7.93;Sí;-0.558;130.45;4179.18
23055040;Samana;1/09/1974;7/08/2025;5.418288056;-74.99292778;4779265.642;2157074.004;1532;Caldas;6.54;Sí;-0.501;182.19;7012
26150150;Papayal;1/10/1970;31/01/2025;4.951666667;-75.48972222;4724007.632;2105669.957;2304;Caldas;2.45;No;-0.578;66.48;1947.95
26160080;Salamina Conc Barc;2/08/1970;7/08/2025;5.395444444;-75.48930556;4724246.257;2154750.808;1890;Caldas;2.12;No;-0.589;63.04;1819.14
26160090;Pacora Plaza Feria;2/08/1970;7/08/2025;5.522444444;-75.45508333;4728096.84;2168781.127;1821;Caldas;3.18;No;-0.603;88.01;2890.24
26160100;Neira;19/09/1970;7/08/2025;5.163166667;-75.51844444;4720912.373;2129073.95;1980;Caldas;6.98;No;-0.578;89.6;2322.24
26170290;Riosucio;1/04/1970;7/08/2025;5.424777778;-75.73025;4697551.026;2158110.135;1946;Caldas;28.87;Sí;-0.529;68.44;2501.43
23050170;Palma La;25/11/1964;31/07/1995;5.433333333;-74.96666667;4782180.831;2158727.914;1300;Caldas;22.01;No;-0.443;122.33;6130.82
26135050;Naranjal;1/01/1954;31/12/1998;4.966666667;-75.7;4700688.085;2107420.445;1400;Caldas;22.59;No;-0.593;81.39;2674.76
23020100;Victoria La;12/08/1974;7/08/2025;5.323888889;-74.9244444;4786820.828;2146612.991;905;Caldas;1.8;No;-0.542;140.76;3736.79
23050230;San Jose Pensilvan;15/08/1974;7/08/2025;5.37339;-75.149675;4761879.214;2152168.827;2020;Caldas;7.19;No;-0.548;90.38;3143.41
26155170;Tesorito Finca  - Aut;1/09/1993;7/08/2025;5.032222222;-75.43833333;4729740.688;2114557.706;2325;Caldas;17.71;No;-0.579;59.36;1769.34
26180250;Valle Alto;21/04/1994;28/02/2025;5.35;-75.31777778;4743238.899;2149650.297;3311;Caldas;26.49;Sí;-0.523;53.02;1393.75
26185040;San Felix;1/08/1970;1/03/2025;5.372944444;-75.37533333;4736869.216;2152212.086;2855;Caldas;5.34;No;-0.56;52.03;1593
23040080;Sub Cañaveral;1/01/1964;31/07/1995;5.35;-74.91666667;4787691.705;2149497.065;970;Caldas;9.5;Sí;-0.537;139.6;4194.79
26145050;Samaria La;1/09/1973;30/04/1996;5.05;-75.88333333;4680388.49;2116725.742;120;Caldas;22.79;No;-0.687;70.82;1783.6
26150250;San Cancio Planta;1/01/1974;31/12/1995;5.05;-75.5;4722908.989;2116549.775;1850;Caldas;15.15;No;-0.594;72.67;1927.38
26155090;Santagueda;1/01/1966;31/12/1998;5.083333333;-75.66666667;4704438.605;2120310.298;1010;Caldas;14.14;Sí;-0.62;78.04;2202.07
23205050;Canelos  - Aut;1/10/1983;31/08/2024;7.885416667;-74.24097222;4863252.337;2429534.455;750;Bolivar;3.67;Sí;-0.606;84.5;2180.5
25020410;La Candelaria;1/08/1966;31/05/2025;8.219444444;-74.72875;4809644.717;2466654.517;28;Bolivar;4.67;Sí;-0.469;145.87;4714.07
23200060;Santo Domingo;1/01/1978;30/04/2025;7.670555556;-73.94194444;4896153.891;2405701.735;80;Bolivar;8.27;No;-0.623;103.08;2299.38
25027910;La Raya;16/03/1979;31/05/2025;8.340939;-74.557072;4828605.762;2480007.989;31;Bolivar;1.62;No;-0.53;135.59;4637.58
25025230;Montecrisanto;2/11/1974;31/08/2004;8.3;-74.48333333;4836707.359;2475451.141;100;Bolivar;14.85;No;-0.518;154.8;4840.82
23205020;Colegio Cooperativo;10/08/1974;13/08/2025;7.475;-73.92555556;4897914.848;2384085.179;165;Bolivar;7.35;No;-0.615;121.5;2653.75
23115010;Puerto Boyaca;1/09/1974;29/01/2021;5.978333333;-74.56666667;4826659.16;2218841.464;350;Boyacá;19.75;Sí;-0.659;98.05;2206.51
23110040;Trique El;6/08/1974;31/07/2025;5.880888889;-74.56834167;4826443.321;2208070.634;179;Boyacá;4.42;Sí;-0.629;111.44;2420.28
23060150;Puerto Libre;8/08/1974;14/08/2025;5.758093;-74.630157;4819561.724;2194516.186;157;Cundinamarca;3.76;No;-0.654;101.14;2069.59
26130020;Termales;1/05/1971;11/08/2025;4.844166667;-75.55805556;4716382.416;2093808.947;2001;Risaralda;2.15;No;-0.519;81.22;2891.53
26130170;Potreros;1/09/1970;11/08/2025;4.885555556;-75.55805556;4716399.761;2098386.689;2134;Risaralda;1.67;Sí;-0.558;77.07;2412.45
26130180;San Isidro;10/09/1970;29/04/2025;4.800972222;-75.85833333;4683043.872;2089163.427;1196;Risaralda;4.27;No;-0.593;71.44;1902.78
26130200;Recuerdo El;9/09/1970;31/10/2024;4.962416667;-75.74166667;4696063.653;2106969.33;1587;Risaralda;10.94;No;-0.568;87.8;2863.12
26130220;Maracay;14/09/1978;31/05/2025;4.812166667;-75.84305556;4684744.539;2090394.788;1201;Risaralda;1.79;Sí;-0.627;77.58;2016.29
26130540;Playa Rica;4/10/1993;31/07/2025;4.756722222;-75.59719444;4712003.353;2084153.543;1728;Risaralda;2.62;No;-0.533;90.73;3027.01
26130560;Pez Fresco;1/10/1993;11/08/2025;4.732722222;-75.57555556;4714394.572;2081490.045;1875;Risaralda;1.83;Sí;-0.534;94.91;3019.11
26130570;Nuevo Libare;1/09/2004;31/05/2025;4.782055556;-75.64583333;4706616.896;2086976.17;1625;Risaralda;4.82;No;-0.53;89.54;3150.86
26135060;Jazmin El;1/01/1961;31/12/1998;4.916666667;-75.63333333;4708061.82;2101860.128;1600;Risaralda;13.82;No;-0.613;83.99;2558.87
26135070;Cedral El;1/01/1961;31/12/1998;4.783333333;-75.53333333;4719100.229;2087070.427;2120;Risaralda;28.95;No;-0.524;78.92;2680.42
26135100;Bohemia La;1/10/1963;11/08/2025;4.878027778;-75.87755556;4680946.726;2097697.194;995;Risaralda;10.5;No;-0.618;73.62;1908.46
26135110;Veracruz;28/10/1977;24/08/2022;4.87;-75.63;4708411.395;2096696.895;1628;Risaralda;27.7;No;-0.622;84.26;2693.14
26135160;San Remo;1/01/1987;11/08/2025;4.841666667;-75.57997222;4713949.789;2093541.648;1947;Risaralda;13.36;Sí;-0.56;85.37;2793.2
26140030;Maria La;24/02/1965;31/12/1995;5.133333333;-75.95;4673034.392;2125978.9;1480;Risaralda;1.08;No;-0.531;69.77;2309.11
26140080;Taijara Alejandria;1/04/1991;31/07/2025;5.280805556;-75.82583333;4686880.895;2142231.31;1478;Risaralda;1.46;No;-0.607;63.26;1788.86
26140090;Taparcal;1/01/1969;11/08/2025;5.167055556;-75.86277778;4682726.581;2129665.689;1609;Risaralda;3.38;No;-0.602;100.22;2514.89
26140110;San Clemente;11/08/1970;31/05/2025;5.317861111;-75.78766667;4691131.751;2146311.477;2173;Risaralda;13.7;No;-0.514;69.2;2430.07
26140120;Mistrato;1/01/1964;31/07/2025;5.29425;-75.87272222;4681687.929;2143742.527;1483;Risaralda;5.68;No;-0.482;64.28;2067.55
26140180;Virginia La-Alerta;4/04/1979;10/08/2025;4.8925;-75.88277778;4680374.086;2099300.775;922;Risaralda;2.88;Sí;-0.618;79.37;1948.82
26145030;Camelia La;1/10/1963;11/08/2025;5.08;-75.97;4670788.462;2120088.266;1763;Risaralda;20.19;Sí;-0.591;66.53;2007.73
26170250;Irra;1/01/1962;31/08/1985;5.266666667;-75.66666667;4704523.799;2140589.434;785;Risaralda;3.87;No;-0.633;79.26;2097.75
26170260;Guerrerito;14/10/1978;31/05/2025;5.281055556;-75.66497222;4704718.494;2142180.238;797;Risaralda;5.01;No;-0.593;73.65;1877.76
54010020;Linea La Porvenir;11/08/1970;29/07/2025;5.2035;-76.00697222;4666750.875;2133771.964;1560;Risaralda;9.56;No;-0.519;82.94;2609.04
54015010;Pueblo Rico  - Aut;13/09/1973;11/08/2025;5.233444444;-76.03163889;4664030.622;2137098.356;1505;Risaralda;27.77;No;-0.528;65.57;2276.01
23110060;Padilla;1/06/1984;30/05/2025;6.193611111;-74.33305556;4852570.316;2242567.477;171;Santander;4.07;No;-0.627;111.53;2669.298168
23120200;Puerto Araujo Alertas;1/11/1979;31/01/2025;6.533888889;-74.0825;4880362.965;2280111.537;118;Santander;4.05;No;-0.611;116.63;2857.921389
23125050;Carare;14/08/1974;13/08/2025;6.649444444;-74.06138889;4882723.573;2292877.656;168;Santander;8.82;No;-0.647;122.6;2894.534122
23155040;Centro El;1/01/1934;13/08/2025;6.859555556;-73.76508333;4915502.116;2316036.77;114;Santander;13.36;Sí;-0.632;120.19;2735.89
23180020;Puerto Wilches;1/06/1958;13/08/2025;7.348611111;-73.89305556;4901471.67;2370109.613;73;Santander;4.58;No;-0.603;117.22;2868.877961
23180120;Coquera La;5/08/1974;1/03/2025;7.222777778;-73.91916667;4898562.372;2356208.653;170;Santander;3.13;No;-0.604;116.46;2895.343664
24050110;Albania;20/07/1973;31/05/2025;6.911944444;-73.63222222;4930183.961;2321804.807;216;Santander;1.77;No;-0.625;114.73;2404.564713
24065010;Hacienda Las Brisas;18/07/1973;31/05/2025;7.246111111;-73.79;4912822.41;2358760.57;138;Santander;9.65;No;-0.615;116.73;2915.67364
23120070;Puerto Araujo;7/10/1959;30/06/1995;6.533333333;-74.11666667;4876586.294;2280058.385;160;Santander;6.54;Sí;-0.6;100.5;2793.64506
